 26.45% ,python3.10d  ,[.] _PyEval_EvalFrameDefault
 4.67%  ,python3.10d  ,[.] call_function.lto_priv.0
 4.11%  ,python3.10d  ,[.] frame_dealloc.lto_priv.0
 3.08%  ,python3.10d  ,[.] _PyEval_MakeFrameVector
 2.52%  ,python3.10d  ,[.] _PyType_Lookup
 1.87%  ,python3.10d  ,[.] _PyDict_GetItemHint
 1.87%  ,python3.10d  ,[.] _PyObject_VectorcallTstate.lto_priv.10
 1.78%  ,python3.10d  ,[.] PyTuple_GetItem
 1.78%  ,python3.10d  ,[.] binary_op1
 1.59%  ,python3.10d  ,[.] _PyMem_DebugCheckAddress
 1.50%  ,python3.10d  ,[.] _PyObject_GetMethod
 1.50%  ,python3.10d  ,[.] float_dealloc.lto_priv.0
 1.50%  ,python3.10d  ,[.] lookdict_split.lto_priv.0
 1.21%  ,python3.10d  ,[.] _PyFrame_New_NoTrack
 1.21%  ,python3.10d  ,[.] _PyFunction_Vectorcall
 1.12%  ,python3.10d  ,[.] _Py_CheckFunctionResult
 1.12%  ,python3.10d  ,[.] _Py_NewReference
 1.12%  ,python3.10d  ,[.] subtype_dealloc.lto_priv.0
 1.03%  ,libc.so.6    ,[.] pthread_getspecific@@GLIBC_2.34
 1.03%  ,python3.10d  ,[.] read_size_t
 0.93%  ,python3.10d  ,[.] PyDict_Contains
 0.93%  ,python3.10d  ,[.] PyGILState_Check
 0.93%  ,python3.10d  ,[.] _PyUnicode_FromId
 0.93%  ,python3.10d  ,[.] lookdict_unicode_nodummy
 0.84%  ,python3.10d  ,[.] PyFloat_FromDouble
 0.84%  ,python3.10d  ,[.] PyObject_SetAttr
 0.84%  ,python3.10d  ,[.] _PyObject_Malloc
 0.84%  ,python3.10d  ,[.] float_add.lto_priv.0
 0.84%  ,python3.10d  ,[.] frame_alloc
 0.75%  ,python3.10d  ,[.] float_mul.lto_priv.0
 0.65%  ,python3.10d  ,[.] PyDict_GetItemWithError
 0.65%  ,python3.10d  ,[.] _PyObject_MakeTpCall
 0.65%  ,python3.10d  ,[.] binary_op
 0.65%  ,python3.10d  ,[.] get_type_cache.lto_priv.0
 0.65%  ,python3.10d  ,[.] write_size_t
 0.56%  ,libc.so.6    ,[.] __memset_avx2_unaligned_erms
 0.56%  ,python3.10d  ,[.] _PyEval_Vector
 0.56%  ,python3.10d  ,[.] _PyMem_DebugRawFree
 0.56%  ,python3.10d  ,[.] _PyObjectDict_SetItem
 0.56%  ,python3.10d  ,[.] _PyObject_VectorcallTstate.lto_priv.6
 0.56%  ,python3.10d  ,[.] _Py_CheckSlotResult
 0.56%  ,python3.10d  ,[.] is_tstate_valid.lto_priv.0
 0.47%  ,python3.10d  ,[.] PyDict_SetItem
 0.47%  ,python3.10d  ,[.] _PyObject_Free
 0.47%  ,python3.10d  ,[.] _PyTrash_begin
 0.47%  ,python3.10d  ,[.] _Py_Dealloc
 0.47%  ,python3.10d  ,[.] insertdict
 0.47%  ,python3.10d  ,[.] new_dict
 0.47%  ,python3.10d  ,[.] slot_tp_init
 0.37%  ,python3.10d  ,[.] PyObject_IS_GC
 0.37%  ,python3.10d  ,[.] PyThread_tss_get
 0.37%  ,python3.10d  ,[.] PyType_IsSubtype
 0.37%  ,python3.10d  ,[.] PyUnicode_InternInPlace
 0.37%  ,python3.10d  ,[.] _PyDict_CheckConsistency
 0.37%  ,python3.10d  ,[.] _PyObject_Call_Prepend
 0.37%  ,python3.10d  ,[.] _PyObject_GenericSetAttrWithDict
 0.37%  ,python3.10d  ,[.] _PyTrash_cond
 0.37%  ,python3.10d  ,[.] arena_map_is_used
 0.37%  ,python3.10d  ,[.] dict_dealloc.lto_priv.0
 0.37%  ,python3.10d  ,[.] float_sub.lto_priv.0
 0.37%  ,python3.10d  ,[.] type_call.lto_priv.0
 0.28%  ,python3.10d  ,[.] PyNumber_Add
 0.28%  ,python3.10d  ,[.] PyNumber_Multiply
 0.28%  ,python3.10d  ,[.] PyNumber_Subtract
 0.28%  ,python3.10d  ,[.] PyObject_GC_Del
 0.28%  ,python3.10d  ,[.] PyObject_GenericSetAttr
 0.28%  ,python3.10d  ,[.] PyThread_tss_is_created
 0.28%  ,python3.10d  ,[.] PyType_GenericAlloc
 0.28%  ,python3.10d  ,[.] _PyDict_ContainsId
 0.28%  ,python3.10d  ,[.] _PyMem_DebugRawAlloc
 0.28%  ,python3.10d  ,[.] _PyTuple_FromArray
 0.28%  ,python3.10d  ,[.] _PyUnicode_CheckConsistency
 0.28%  ,python3.10d  ,[.] convert_to_double
 0.28%  ,python3.10d  ,[.] get_float_state
 0.28%  ,python3.10d  ,[.] insert_to_usedpool
 0.28%  ,python3.10d  ,[.] object_dealloc.lto_priv.0
 0.28%  ,python3.10d  ,[.] slot_nb_subtract
 0.19%  ,python3.10d  ,[.] PyBool_FromLong
 0.19%  ,python3.10d  ,[.] PyCallable_Check
 0.19%  ,python3.10d  ,[.] PyList_Append
 0.19%  ,python3.10d  ,[.] PyLong_AsDouble
 0.19%  ,python3.10d  ,[.] PyObject_ClearWeakRefs
 0.19%  ,python3.10d  ,[.] PyObject_GC_UnTrack
 0.19%  ,python3.10d  ,[.] PyObject_SetItem
 0.19%  ,python3.10d  ,[.] _PyDict_LoadGlobal
 0.19%  ,python3.10d  ,[.] _PyGILState_GetThisThreadState
 0.19%  ,python3.10d  ,[.] _PyMem_DebugMalloc
 0.19%  ,python3.10d  ,[.] _PyObject_GC_Malloc
 0.19%  ,python3.10d  ,[.] _PyTrash_end
 0.19%  ,python3.10d  ,[.] do_richcompare
 0.19%  ,python3.10d  ,[.] listiter_next.lto_priv.0
 0.19%  ,python3.10d  ,[.] lookdict_unicode
 0.19%  ,python3.10d  ,[.] lookup_maybe_method.lto_priv.0
 0.19%  ,python3.10d  ,[.] lookup_method.lto_priv.0
 0.19%  ,python3.10d  ,[.] math_1_to_whatever
 0.19%  ,python3.10d  ,[.] tupledealloc.lto_priv.0
 0.19%  ,python3.10d  ,[.] tuplesubscript.lto_priv.0
 0.19%  ,python3.10d  ,[.] 0x0000000000021100
 0.19%  ,[unknown]    ,[k] 0xffffffff94800225
 0.09%  ,libc.so.6    ,[.] __mbsrtowcs_l
 0.09%  ,libc.so.6    ,[.] __strlen_avx2
 0.09%  ,libc.so.6    ,[.] malloc_consolidate
 0.09%  ,python3.10d  ,[.] BaseException_init.lto_priv.0
 0.09%  ,python3.10d  ,[.] PyErr_Occurred
 0.09%  ,python3.10d  ,[.] PyIter_Next
 0.09%  ,python3.10d  ,[.] PyList_New
 0.09%  ,python3.10d  ,[.] PyMem_Free
 0.09%  ,python3.10d  ,[.] PyNumber_Negative
 0.09%  ,python3.10d  ,[.] PyObject_Free
 0.09%  ,python3.10d  ,[.] PyObject_GetIter
 0.09%  ,python3.10d  ,[.] PyObject_IsTrue
 0.09%  ,python3.10d  ,[.] PyObject_RichCompare
 0.09%  ,python3.10d  ,[.] PyThreadState_Get
 0.09%  ,python3.10d  ,[.] _PyDict_GetItemIdWithError
 0.09%  ,python3.10d  ,[.] _PyLong_Sign
 0.09%  ,python3.10d  ,[.] _PyMem_DebugFree
 0.09%  ,python3.10d  ,[.] _PyMem_DebugRawMalloc
 0.09%  ,python3.10d  ,[.] _PyMem_DebugRealloc
 0.09%  ,python3.10d  ,[.] _PyObject_Call
 0.09%  ,python3.10d  ,[.] _PyObject_Calloc
 0.09%  ,python3.10d  ,[.] _PyObject_GC_Alloc
 0.09%  ,python3.10d  ,[.] _PyObject_GenericGetAttrWithDict
 0.09%  ,python3.10d  ,[.] _PyObject_GetDictPtr
 0.09%  ,python3.10d  ,[.] _PyObject_IsFreed
 0.09%  ,python3.10d  ,[.] _PyPegen_is_memoized
 0.09%  ,python3.10d  ,[.] app1
 0.09%  ,python3.10d  ,[.] arena_map_get
 0.09%  ,python3.10d  ,[.] cfunction_vectorcall_O.lto_priv.0
 0.09%  ,python3.10d  ,[.] convertitem
 0.09%  ,python3.10d  ,[.] do_call_core.lto_priv.0
 0.09%  ,python3.10d  ,[.] float_div.lto_priv.0
 0.09%  ,python3.10d  ,[.] gc_collect_main
 0.09%  ,python3.10d  ,[.] get_small_int.lto_priv.0
 0.09%  ,python3.10d  ,[.] get_tuple_state
 0.09%  ,python3.10d  ,[.] initialize_token
 0.09%  ,python3.10d  ,[.] kwargs_rule.lto_priv.0
 0.09%  ,python3.10d  ,[.] list_iter.lto_priv.0
 0.09%  ,python3.10d  ,[.] list_resize
 0.09%  ,python3.10d  ,[.] long_richcompare.lto_priv.0
 0.09%  ,python3.10d  ,[.] min_max
 0.09%  ,python3.10d  ,[.] object_new.lto_priv.0
 0.09%  ,python3.10d  ,[.] r_object
 0.09%  ,python3.10d  ,[.] set_traverse.lto_priv.0
 0.09%  ,python3.10d  ,[.] tok_backup
 0.09%  ,python3.10d  ,[.] tuple_alloc
 0.09%  ,python3.10d  ,[.] tuple_iter.lto_priv.0
 0.09%  ,python3.10d  ,[.] tupleitem.lto_priv.0
 0.09%  ,python3.10d  ,[.] tupleiter_next.lto_priv.0
 0.09%  ,python3.10d  ,[.] type_cache_clear
 0.09%  ,python3.10d  ,[.] type_traverse.lto_priv.0
 0.09%  ,python3.10d  ,[.] unicode_hash.lto_priv.0
 0.09%  ,python3.10d  ,[.] validate_list
 0.09%  ,python3.10d  ,[.] vgetargskeywords
 0.09%  ,python3.10d  ,[.] 0x0000000000022670
 0.09%  ,[unknown]    ,[k] 0xffffffff93f6f210
 0.09%  ,[unknown]    ,[k] 0xffffffff93fa3ee4
 0.09%  ,[unknown]    ,[k] 0xffffffff94082e88
 0.09%  ,[unknown]    ,[k] 0xffffffff940dd637
 0.09%  ,[unknown]    ,[k] 0xffffffff9419e406
 0.09%  ,[unknown]    ,[k] 0xffffffff943869b7
