 29.82% ,python3.10d         ,[.] _PyEval_EvalFrameDefault
 4.38%  ,python3.10d         ,[.] call_function.lto_priv.0
 3.08%  ,python3.10d         ,[.] frame_dealloc.lto_priv.0
 2.70%  ,python3.10d         ,[.] _PyEval_MakeFrameVector
 2.33%  ,python3.10d         ,[.] PyTuple_GetItem
 2.14%  ,python3.10d         ,[.] _PyMem_DebugCheckAddress
 2.05%  ,python3.10d         ,[.] _PyType_Lookup
 2.05%  ,python3.10d         ,[.] binary_op1
 1.68%  ,python3.10d         ,[.] _PyDict_GetItemHint
 1.58%  ,python3.10d         ,[.] _PyObject_VectorcallTstate.lto_priv.10
 1.58%  ,python3.10d         ,[.] _Py_NewReference
 1.40%  ,python3.10d         ,[.] _PyEval_Vector
 1.40%  ,python3.10d         ,[.] _PyObject_GetMethod
 1.40%  ,python3.10d         ,[.] _Py_CheckFunctionResult
 1.30%  ,python3.10d         ,[.] _PyFrame_New_NoTrack
 1.21%  ,python3.10d         ,[.] PyFloat_FromDouble
 1.21%  ,python3.10d         ,[.] insertdict
 1.21%  ,python3.10d         ,[.] lookdict_split.lto_priv.0
 1.12%  ,python3.10d         ,[.] float_dealloc.lto_priv.0
 1.03%  ,python3.10d         ,[.] lookdict_unicode_nodummy
 0.93%  ,python3.10d         ,[.] read_size_t
 0.84%  ,python3.10d         ,[.] PyGILState_Check
 0.84%  ,python3.10d         ,[.] _PyObject_Malloc
 0.84%  ,python3.10d         ,[.] subtype_dealloc.lto_priv.0
 0.75%  ,libc.so.6           ,[.] pthread_getspecific@@GLIBC_2.34
 0.75%  ,python3.10d         ,[.] PyObject_SetAttr
 0.75%  ,python3.10d         ,[.] _PyFunction_Vectorcall
 0.75%  ,python3.10d         ,[.] _PyObject_MakeTpCall
 0.75%  ,python3.10d         ,[.] float_add.lto_priv.0
 0.75%  ,python3.10d         ,[.] float_mul.lto_priv.0
 0.75%  ,python3.10d         ,[.] frame_alloc
 0.75%  ,python3.10d         ,[.] tupledealloc.lto_priv.0
 0.65%  ,python3.10d         ,[.] PyDict_Contains
 0.65%  ,python3.10d         ,[.] PyDict_GetItemWithError
 0.65%  ,python3.10d         ,[.] _PyObject_GenericSetAttrWithDict
 0.65%  ,python3.10d         ,[.] _PyTuple_FromArray
 0.65%  ,python3.10d         ,[.] _Py_Dealloc
 0.65%  ,python3.10d         ,[.] type_call.lto_priv.0
 0.56%  ,python3.10d         ,[.] _PyObject_VectorcallTstate.lto_priv.6
 0.47%  ,python3.10d         ,[.] PyDict_SetItem
 0.47%  ,python3.10d         ,[.] PyObject_GC_UnTrack
 0.47%  ,python3.10d         ,[.] PyThread_tss_get
 0.47%  ,python3.10d         ,[.] PyType_GenericAlloc
 0.47%  ,python3.10d         ,[.] PyType_IsSubtype
 0.47%  ,python3.10d         ,[.] _PyDict_CheckConsistency
 0.47%  ,python3.10d         ,[.] _PyObject_GetDictPtr
 0.47%  ,python3.10d         ,[.] _PyUnicode_CheckConsistency
 0.47%  ,python3.10d         ,[.] binary_op
 0.47%  ,python3.10d         ,[.] get_type_cache.lto_priv.0
 0.37%  ,libc.so.6           ,[.] __memset_avx2_unaligned_erms
 0.37%  ,python3.10d         ,[.] _PyObject_Free
 0.37%  ,python3.10d         ,[.] _PyUnicode_FromId
 0.37%  ,python3.10d         ,[.] _Py_CheckSlotResult
 0.37%  ,python3.10d         ,[.] arena_map_get
 0.37%  ,python3.10d         ,[.] arena_map_is_used
 0.37%  ,python3.10d         ,[.] dict_dealloc.lto_priv.0
 0.37%  ,python3.10d         ,[.] is_tstate_valid.lto_priv.0
 0.37%  ,python3.10d         ,[.] listiter_next.lto_priv.0
 0.37%  ,python3.10d         ,[.] new_dict
 0.28%  ,python3.10d         ,[.] PyObject_GenericSetAttr
 0.28%  ,python3.10d         ,[.] PyThread_tss_is_created
 0.28%  ,python3.10d         ,[.] _PyDict_ContainsId
 0.28%  ,python3.10d         ,[.] _PyMem_DebugRawAlloc
 0.28%  ,python3.10d         ,[.] _PyObjectDict_SetItem
 0.28%  ,python3.10d         ,[.] _PyObject_Call_Prepend
 0.28%  ,python3.10d         ,[.] _PyTrash_begin
 0.28%  ,python3.10d         ,[.] convert_to_double
 0.28%  ,python3.10d         ,[.] float_richcompare.lto_priv.0
 0.28%  ,python3.10d         ,[.] get_tuple_state
 0.19%  ,python3.10d         ,[.] PyCallable_Check
 0.19%  ,python3.10d         ,[.] PyErr_Occurred
 0.19%  ,python3.10d         ,[.] PyFunction_NewWithQualName
 0.19%  ,python3.10d         ,[.] PyNumber_Subtract
 0.19%  ,python3.10d         ,[.] PyObject_IS_GC
 0.19%  ,python3.10d         ,[.] PyThreadState_Get
 0.19%  ,python3.10d         ,[.] _PyGILState_GetThisThreadState
 0.19%  ,python3.10d         ,[.] _PyLong_New
 0.19%  ,python3.10d         ,[.] _PyMem_DebugFree
 0.19%  ,python3.10d         ,[.] _PyMem_DebugRawFree
 0.19%  ,python3.10d         ,[.] _PyObject_FastCallDictTstate
 0.19%  ,python3.10d         ,[.] _PyTrash_cond
 0.19%  ,python3.10d         ,[.] _PyTrash_end
 0.19%  ,python3.10d         ,[.] _PyType_GetModuleByDef
 0.19%  ,python3.10d         ,[.] float_sub.lto_priv.0
 0.19%  ,python3.10d         ,[.] get_float_state
 0.19%  ,python3.10d         ,[.] list_dealloc.lto_priv.0
 0.19%  ,python3.10d         ,[.] long_mul.lto_priv.0
 0.19%  ,python3.10d         ,[.] lookup_maybe_method.lto_priv.0
 0.19%  ,python3.10d         ,[.] object_new.lto_priv.0
 0.19%  ,python3.10d         ,[.] vectorcall_maybe.lto_priv.0
 0.19%  ,[unknown]           ,[k] 0xffffffffabe00225
 0.09%  ,ld-linux-x86-64.so.2,[.] openaux
 0.09%  ,libc.so.6           ,[.] __GI___pthread_self
 0.09%  ,libc.so.6           ,[.] __memmove_avx_unaligned_erms
 0.09%  ,libc.so.6           ,[.] _int_malloc
 0.09%  ,libcrypto.so.3      ,[.] OPENSSL_LH_insert
 0.09%  ,libcrypto.so.3      ,[.] 0x00000000000b2ed4
 0.09%  ,libm.so.6           ,[.] __sqrt_finite@GLIBC_2.15
 0.09%  ,python3.10d         ,[.] BB_setitem
 0.09%  ,python3.10d         ,[.] PyBool_FromLong
 0.09%  ,python3.10d         ,[.] PyList_New
 0.09%  ,python3.10d         ,[.] PyNumber_Add
 0.09%  ,python3.10d         ,[.] PyNumber_Long
 0.09%  ,python3.10d         ,[.] PyNumber_Multiply
 0.09%  ,python3.10d         ,[.] PyNumber_Negative
 0.09%  ,python3.10d         ,[.] PyObject_ClearWeakRefs
 0.09%  ,python3.10d         ,[.] PyObject_GC_Del
 0.09%  ,python3.10d         ,[.] PyObject_RichCompare
 0.09%  ,python3.10d         ,[.] PyUnicode_InternInPlace
 0.09%  ,python3.10d         ,[.] PyUnicode_New
 0.09%  ,python3.10d         ,[.] _PyEval_BuiltinsFromGlobals
 0.09%  ,python3.10d         ,[.] _PyMem_DebugMalloc
 0.09%  ,python3.10d         ,[.] _PyMem_DebugRawCalloc
 0.09%  ,python3.10d         ,[.] _PyNumber_Index
 0.09%  ,python3.10d         ,[.] _PyObject_GC_Alloc
 0.09%  ,python3.10d         ,[.] _PyObject_GenericGetAttrWithDict
 0.09%  ,python3.10d         ,[.] _PyObject_Realloc
 0.09%  ,python3.10d         ,[.] _PyPegen_is_memoized
 0.09%  ,python3.10d         ,[.] _PyTuple_ClearFreeList
 0.09%  ,python3.10d         ,[.] _PyTuple_MaybeUntrack
 0.09%  ,python3.10d         ,[.] _PyType_LookupId
 0.09%  ,python3.10d         ,[.] app1
 0.09%  ,python3.10d         ,[.] convertitem
 0.09%  ,python3.10d         ,[.] descr_check.lto_priv.0
 0.09%  ,python3.10d         ,[.] do_richcompare
 0.09%  ,python3.10d         ,[.] float_div.lto_priv.0
 0.09%  ,python3.10d         ,[.] get_array_state
 0.09%  ,python3.10d         ,[.] get_dict_state
 0.09%  ,python3.10d         ,[.] insertion_resize
 0.09%  ,python3.10d         ,[.] intern_string_constants
 0.09%  ,python3.10d         ,[.] list_resize
 0.09%  ,python3.10d         ,[.] long_add.lto_priv.0
 0.09%  ,python3.10d         ,[.] long_new.lto_priv.0
 0.09%  ,python3.10d         ,[.] long_sub.lto_priv.0
 0.09%  ,python3.10d         ,[.] lookdict_unicode
 0.09%  ,python3.10d         ,[.] math_1_to_whatever
 0.09%  ,python3.10d         ,[.] math_sqrt
 0.09%  ,python3.10d         ,[.] new_dict_with_shared_keys.lto_priv.0
 0.09%  ,python3.10d         ,[.] pymalloc_pool_extend
 0.09%  ,python3.10d         ,[.] pymalloc_realloc
 0.09%  ,python3.10d         ,[.] r_byte
 0.09%  ,python3.10d         ,[.] slot_nb_subtract
 0.09%  ,python3.10d         ,[.] slot_tp_init
 0.09%  ,python3.10d         ,[.] tuple_alloc
 0.09%  ,python3.10d         ,[.] tuple_get_empty
 0.09%  ,python3.10d         ,[.] tuplesubscript.lto_priv.0
 0.09%  ,python3.10d         ,[.] type_traverse.lto_priv.0
 0.09%  ,python3.10d         ,[.] validate_list
 0.09%  ,python3.10d         ,[.] visit_decref
 0.09%  ,python3.10d         ,[.] write_size_t
 0.09%  ,python3.10d         ,[.] 0x0000000000021554
 0.09%  ,python3.10d         ,[.] 0x0000000000022670
 0.09%  ,[unknown]           ,[k] 0xffffffffab523311
 0.09%  ,[unknown]           ,[k] 0xffffffffab56bb7a
 0.09%  ,[unknown]           ,[k] 0xffffffffab6656fc
 0.09%  ,[unknown]           ,[k] 0xffffffffab6ce968
 0.09%  ,[unknown]           ,[k] 0xffffffffabe00fa4
